[{"place_id": 290129880, "licence": "Data \u00a9 OpenStreetMap contributors, ODbL 1.0. http://osm.org/copyright", "osm_type": "node", "osm_id": 5018989164, "lat": "30.2680536", "lon": "-97.7447642", "class": "place", "type": "neighbourhood", "place_rank": 20, "importance": 0.39583430754520754, "addresstype": "neighbourhood", "name": "Downtown", "display_name": "Downtown, Austin, Travis County, Texas, 78701, United States", "boundingbox": ["30.2580536", "30.2780536", "-97.7547642", "-97.7347642"]}]