[{"place_id": 424459982, "licence": "Data \u00a9 OpenStreetMap contributors, ODbL 1.0. http://osm.org/copyright", "osm_type": "node", "osm_id": 13356537973, "lat": "43.6608141", "lon": "-79.3960322", "class": "office", "type": "university", "place_rank": 30, "importance": 0.6663862889333309, "addresstype": "office", "name": "University of Toronto", "display_name": "University of Toronto, 27, King's College Circle, University, University\u2014Rosedale, Toronto, Golden Horseshoe, Ontario, M5S 1A1, Canada", "boundingbox": ["43.6607641", "43.6608641", "-79.3960822", "-79.3959822"]}]